{
  "level": [
    1,
    2,
    3,
    4,
    5,
    6,
    7,
    8,
    9,
    10,
    11,
    12,
    13,
    14,
    15,
    16,
    17,
    18,
    19,
    20,
    21,
    22,
    23,
    24,
    25,
    26,
    27,
    28,
    29,
    30
  ],
  "a_try": [
    1.0,
    1.0,
    1.25,
    1.0,
    1.25,
    1.5,
    1.5,
    1.5,
    1.0,
    2.25,
    2.75,
    2.3333333333333335,
    1.0,
    1.6666666666666667,
    4.0,
    3.3333333333333335,
    5.666666666666666,
    8.333333333333334,
    5.666666666666666,
    3.666666666666667,
    1.6666666666666667,
    5.0,
    4.0,
    8.0,
    0,
    0,
    0,
    0,
    0,
    0
  ],
  "a_s_rate": [
    1.0,
    1.0,
    0.8,
    1.0,
    0.8,
    0.6666666666666666,
    0.6666666666666666,
    0.6666666666666666,
    1.0,
    0.4444444444444444,
    0.36363636363636365,
    0.42857142857142855,
    1.0,
    0.6,
    0.25,
    0.3,
    0.17647058823529413,
    0.12,
    0.17647058823529413,
    0.2727272727272727,
    0.6,
    0.2,
    0.25,
    0.125,
    0.0,
    0,
    0,
    0,
    0,
    0
  ],
  "m_s_rate": [
    0.6666666666666666,
    0.75,
    0.6,
    0.75,
    0.8,
    0.5,
    0.6666666666666666,
    0.5,
    0.75,
    0.2222222222222222,
    0.2727272727272727,
    0.42857142857142855,
    1.0,
    0.6,
    0.25,
    0.2,
    0.17647058823529413,
    0.04,
    0.11764705882352941,
    0.2727272727272727,
    0.6,
    0.2,
    0.25,
    0.125,
    0.0,
    0,
    0,
    0,
    0,
    0
  ]
}